{
  "Component.js": 1716981306626,
  "controller/Singup.controller.js": 1717498447159,
  "controller/View1.controller.js": 1717585833649,
  "model/models.js": 1716981306634,
  "controller/Employee.controller.js": 1717152905581,
  "controller/App.controller.js": 1716981306638,
  "controller/Admin.controller.js": 1717049236753,
  "manifest.json": 1717651365921,
  "i18n/i18n.properties": 1716981306630,
  "controller/Employee-dbg.controller.js": 1717152905581,
  "controller/Employee.controller.js.map": 1717651366045,
  "controller/View1-dbg.controller.js": 1717585833649,
  "controller/View1.controller.js.map": 1717651366074,
  "model/models-dbg.js": 1716981306634,
  "model/models.js.map": 1717651366062,
  "controller/Singup-dbg.controller.js": 1717498447159,
  "controller/Singup.controller.js.map": 1717651366073,
  "controller/App-dbg.controller.js": 1716981306638,
  "controller/App.controller.js.map": 1717651366048,
  "controller/Admin-dbg.controller.js": 1717049236753,
  "controller/Admin.controller.js.map": 1717651366050,
  "Component-dbg.js": 1716981306626,
  "Component.js.map": 1717651366053,
  "Component-preload.js": 1717651366186,
  "Component-preload.js.map": 1717651366186,
  "view/View1.view.xml": 1717498101710,
  "view/Singup.view.xml": 1717498419763,
  "view/Employee.view.xml": 1717152834098,
  "view/App.view.xml": 1716981306642,
  "view/Admin.view.xml": 1717049438527,
  "css/style.css": 1716981306638,
  "index.html": 1717411641627
}